repost_id,create_time,create_date_time,retweeted_note_id,content,liked_count,comments_count,shared_count,last_modify_ts,note_url,ip_location,at_count,user_id,nickname,gender,profile_url,avatar,desc,follows,fans,statuses_count
5240048238724050,1764837118,2025-12-04 08:31:58+08:00,5237758266442267,//@半晌余欢Leo: 冤冤相报何时了取决于往事知多少,0,0,0,1773636853314,https://m.weibo.cn/detail/5240048238724050,美国,1,5242689177,JunyaoChen,女,https://m.weibo.cn/u/5242689177?launchid=10000360-page_H5,"https://tvax3.sinaimg.cn/crop.0.0.480.480.180/005INMWRly8fvbj8q45k8j30dc0dcmy8.jpg?KID=imgbed,tva&Expires=1773647653&ssig=7pWlNCybMZ",,727,26,4076
5239176024557569,1764629166,2025-12-01 22:46:06+08:00,5237758266442267,转发微博,0,0,0,1773636853326,https://m.weibo.cn/detail/5239176024557569,浙江,0,2571261791,零度飘移NB,男,https://m.weibo.cn/u/2571261791?launchid=10000360-page_H5,"https://tva1.sinaimg.cn/crop.1.30.764.764.180/9942575fgw1e9cxaw4hfrj20lc0sg78t.jpg?KID=imgbed,tva&Expires=1773647653&ssig=TnHdqpas54",,440,110,11312
5238635899128199,1764500390,2025-11-30 10:59:50+08:00,5237758266442267,转发微博,0,0,0,1773636853333,https://m.weibo.cn/detail/5238635899128199,河北,0,6347173065,世纪的贰次元,男,https://m.weibo.cn/u/6347173065?launchid=10000360-page_H5,"https://tvax1.sinaimg.cn/crop.0.0.68.68.180/006Vy5F7ly8i4t9rlwsmbj301w01wmwx.jpg?KID=imgbed,tva&Expires=1773647653&ssig=FflxN7SvDB",,143,58,6251
5238449913205142,1764456048,2025-11-29 22:40:48+08:00,5237758266442267,更可笑的后续是我妈也在xhs刷到了，她看见有人把审稿人给出的分数均分排序，误以为是对审稿人的评级，非要问我在所有审稿人里面排多少名。连这个都要争名次吗？哈哈哈，真是疯啦//@芒果柚子和青提:非常搞笑，匿名评审制度的遮羞布被掀开，让大家狠狠观摩了一个晚上,1,0,0,1773636853339,https://m.weibo.cn/detail/5238449913205142,加拿大,1,6052259217,芒果柚子和青提,女,https://m.weibo.cn/u/6052259217?launchid=10000360-page_H5,"https://tvax2.sinaimg.cn/crop.0.0.404.404.180/006BAF69ly8hx42og625hj30b80b8mx5.jpg?KID=imgbed,tva&Expires=1773647653&ssig=FBCVyPjwVP",我真的需要一只猫,312,72,293
5238269253519549,1764412975,2025-11-29 10:42:55+08:00,5237758266442267,转发微博,0,0,0,1773636853351,https://m.weibo.cn/detail/5238269253519549,浙江,0,7930485107,Iris上上签,女,https://m.weibo.cn/u/7930485107?launchid=10000360-page_H5,"https://tvax3.sinaimg.cn/crop.0.0.1080.1080.180/008EHvs7ly8i61l51ddpjj30u00u0mz9.jpg?KID=imgbed,tva&Expires=1773647653&ssig=z64QqRoXQD",,269,18,4605
5238062201176921,1764363609,2025-11-28 21:00:09+08:00,5237758266442267,//@西海岸的风Econ:转发,0,0,0,1773636853357,https://m.weibo.cn/detail/5238062201176921,英国,1,7071325949,橘汁儿SageYY,男,https://m.weibo.cn/u/7071325949?launchid=10000360-page_H5,"https://tvax1.sinaimg.cn/crop.0.0.512.512.180/007IyyUlly8hkfn479derj30e80e8js7.jpg?KID=imgbed,tva&Expires=1773647653&ssig=wdMYuVGcmD",清溪奔快，不管青山碍,3975,214,29883
5238017561723135,1764352966,2025-11-28 18:02:46+08:00,5237758266442267,有了哈哈哈 www.openreview.online //@hellomovie:看x说法是12号就有bug只是没有大规模传播。这么久怕不是author reviewer database都建好了,1,0,0,1773636853368,https://m.weibo.cn/detail/5238017561723135,浙江,1,3860595207,epsilon_0,男,https://m.weibo.cn/u/3860595207?launchid=10000360-page_H5,"https://tvax2.sinaimg.cn/crop.0.0.674.674.180/e61c0207ly8hmt1mf1ml7j20iq0iqq4n.jpg?KID=imgbed,tva&Expires=1773647653&ssig=exOBnZHPpl",我接受生命如同接受一个伤口,641,392,5570
5237994810250984,1764347543,2025-11-28 16:32:23+08:00,5237758266442267,转发微博,0,0,0,1773636853381,https://m.weibo.cn/detail/5237994810250984,北京,0,1788469157,Tesz,女,https://m.weibo.cn/u/1788469157?launchid=10000360-page_H5,"https://tva4.sinaimg.cn/crop.0.12.776.776.180/6a99dfa5jw1ee996o9nwdj20lk0m8aa7.jpg?KID=imgbed,tva&Expires=1773647653&ssig=LhOuVrv2gU",我叫丁老头,245,35,112922
5237953266714919,1764337638,2025-11-28 13:47:18+08:00,5237758266442267,//@程序员邹欣:Bug的根源： 接口权限失控 - 后端API未对身份查询请求进行权限校验，允许通过简单修改URL参数直接获取敏感信息。 数据过度暴露 - 接口返回了完整的用户隐私数据（姓名、邮箱、履历、导师关系等），远超匿名评审所需。,0,1,0,1773636861577,https://m.weibo.cn/detail/5237953266714919,湖北,1,1648544895,出版人周筠,女,https://m.weibo.cn/u/1648544895?launchid=10000360-page_H5,"https://tvax1.sinaimg.cn/crop.0.0.984.984.180/6242cc7fly8i8szvkyj5xj20rc0rcag8.jpg?KID=imgbed,tva&Expires=1773647661&ssig=OZLq5l685J",将军赶路，不追野兔。,7063,22.9万,187374
5237932854346987,1764332771,2025-11-28 12:26:11+08:00,5237758266442267,最纯正的open review ,1,2,0,1773636861590,https://m.weibo.cn/detail/5237932854346987,福建,0,2662632781,三途随记,男,https://m.weibo.cn/u/2662632781?launchid=10000360-page_H5,"https://tva2.sinaimg.cn/crop.0.0.180.180.180/9eb48d4djw8fbeh5p0fbaj2050050t8n.jpg?KID=imgbed,tva&Expires=1773647661&ssig=K1ZCWAtmMn",,299,124,3330
5237919308842166,1764329542,2025-11-28 11:32:22+08:00,5237758266442267,转发微博,0,0,0,1773636861596,https://m.weibo.cn/detail/5237919308842166,上海,0,5143363224,何似在人间喵,女,https://m.weibo.cn/u/5143363224?launchid=10000360-page_H5,"https://tvax4.sinaimg.cn/crop.0.0.512.512.180/005C51Jmly8i8415drkidj30e80e8my4.jpg?KID=imgbed,tva&Expires=1773647661&ssig=BzCqcQDtpj",人生短暂 开心最重要,2150,570,1825
5237916949021142,1764328978,2025-11-28 11:22:58+08:00,5237758266442267,转发微博,0,0,0,1773636861603,https://m.weibo.cn/detail/5237916949021142,北京,0,3636978933,在原野上走出的山同学,男,https://m.weibo.cn/u/3636978933?launchid=10000360-page_H5,"https://tvax2.sinaimg.cn/crop.0.0.1024.1024.180/d8c7e4f5ly8h8vhzsh3zzj20sg0sgac6.jpg?KID=imgbed,tva&Expires=1773647661&ssig=IGiWVNXqD%2F",何为自苦，使我心悲,415,80,4510
5237915399488779,1764328609,2025-11-28 11:16:49+08:00,5237758266442267,国内科研狗很有意思，一方面吐槽学术内卷，学术圈不值得，审稿系统那些mean到发指的意见又大多是国人给的，印度阿三在我们面前都良心了许多。。//@国自然陪跑健将:文人相轻，被拒的论文只会认为审稿人是出于狭隘的目的。。比如武汉理工的郑老师给80条审稿意见后打低分，在系统出bug被全网曝光后光速提...全文,0,1,0,1773636861609,https://m.weibo.cn/detail/5237915399488779,福建,1,2884729002,国自然陪跑健将,男,https://m.weibo.cn/u/2884729002?launchid=10000360-page_H5,"https://tvax2.sinaimg.cn/crop.0.0.418.418.180/abf178aaly8iay0it79yjj20bm0bmt8w.jpg?KID=imgbed,tva&Expires=1773647661&ssig=ifa3p1cnOS",,464,279,1564
5237910607496520,1764327467,2025-11-28 10:57:47+08:00,5237758266442267,转发,2,0,1,1773636861623,https://m.weibo.cn/detail/5237910607496520,上海,0,1165692665,西海岸的风Econ,男,https://m.weibo.cn/u/1165692665?launchid=10000360-page_H5,"https://tvax4.sinaimg.cn/crop.52.0.192.192.180/457b0ef9ly1g0m6b5x7w4j208905cq3z.jpg?KID=imgbed,tva&Expires=1773647661&ssig=E9%2BZHvLMf8",,96,1.1万,988
5237896221033097,1764324036,2025-11-28 10:00:36+08:00,5237758266442267,非常搞笑，匿名评审制度的遮羞布被掀开，让大家狠狠观摩了一个晚上,0,0,1,1773636861629,https://m.weibo.cn/detail/5237896221033097,加拿大,0,6052259217,芒果柚子和青提,女,https://m.weibo.cn/u/6052259217?launchid=10000360-page_H5,"https://tvax2.sinaimg.cn/crop.0.0.404.404.180/006BAF69ly8hx42og625hj30b80b8mx5.jpg?KID=imgbed,tva&Expires=1773647661&ssig=DQ0vHARyge",我真的需要一只猫,312,72,293
5237888507710318,1764322198,2025-11-28 09:29:58+08:00,5237758266442267,很open,0,0,0,1773636861633,https://m.weibo.cn/detail/5237888507710318,北京,0,1830516311,龙星镖局,男,https://m.weibo.cn/u/1830516311?launchid=10000360-page_H5,"https://tva4.sinaimg.cn/crop.101.0.209.209.180/6d1b7657gw1egydt9et5qj20a405u74v.jpg?KID=imgbed,tva&Expires=1773647661&ssig=Z316Zc%2Bfdr",,374,14万,19420
5237885370108544,1764321450,2025-11-28 09:17:30+08:00,5237758266442267,Bug的根源： 接口权限失控 - 后端API未对身份查询请求进行权限校验，允许通过简单修改URL参数直接获取敏感信息。 数据过度暴露 - 接口返回了完整的用户隐私数据（姓名、邮箱、履历、导师关系等），远超匿名评审所需。,1,0,1,1773636869163,https://m.weibo.cn/detail/5237885370108544,北京,0,1912273717,程序员邹欣,男,https://m.weibo.cn/u/1912273717?launchid=10000360-page_H5,"https://tva4.sinaimg.cn/crop.0.0.180.180.180/71fafb35jw1e8qgp5bmzyj2050050aa8.jpg?KID=imgbed,tva&Expires=1773647669&ssig=ZygqywgSrW",程序员,1684,41.1万,132959
5237882974375243,1764320879,2025-11-28 09:07:59+08:00,5237758266442267,文人相轻，被拒的论文只会认为审稿人是出于狭隘的目的。。比如武汉理工的郑老师给80条审稿意见后打低分，在系统出bug被全网曝光后光速提分。。友情提醒，老美不禁枪，小心会议现场沦为真人cs,3,1,1,1773636869169,https://m.weibo.cn/detail/5237882974375243,福建,0,2884729002,国自然陪跑健将,男,https://m.weibo.cn/u/2884729002?launchid=10000360-page_H5,"https://tvax2.sinaimg.cn/crop.0.0.418.418.180/abf178aaly8iay0it79yjj20bm0bmt8w.jpg?KID=imgbed,tva&Expires=1773647669&ssig=iilvvCLYoh",,464,279,1564
5237880688740447,1764320334,2025-11-28 08:58:54+08:00,5237758266442267,添乱不是？,0,0,0,1773636869174,https://m.weibo.cn/detail/5237880688740447,北京,0,1169193955,北京牙医苏建宏,男,https://m.weibo.cn/u/1169193955?launchid=10000360-page_H5,"https://tvax3.sinaimg.cn/crop.0.0.1080.1080.180/45b07be3ly8hlj60s836uj20u00u0q88.jpg?KID=imgbed,tva&Expires=1773647669&ssig=9rMs%2F%2BvPK%2F",一位专业私人牙医，一位父亲，北京启典口腔， 北大口腔修复硕士， 北医大本科，主美学瓷贴面、种植牙，私信，评论咨询不回复，问您主治医师,3406,25.9万,51157
5237875727664955,1764319151,2025-11-28 08:39:11+08:00,5237758266442267,,0,0,0,1773636869177,https://m.weibo.cn/detail/5237875727664955,河北,0,6327562379,散步的梦2025,女,https://m.weibo.cn/u/6327562379?launchid=10000360-page_H5,"https://tvax3.sinaimg.cn/crop.0.0.720.720.180/006UdO1Jly8hy49s7jpo6j30k00k0gn2.jpg?KID=imgbed,tva&Expires=1773647669&ssig=3sJhSKWNW2",🇨🇳马甲线雕塑中～ 目前战绩：间歇跑配速4.8～ 腰围1尺9 🇨🇳 www.12339.gov.cn 生命科学圈。业余爱好：国家旅游局注册英文导游&amp;民族舞,1173,266,6247
5237867774739590,1764317255,2025-11-28 08:07:35+08:00,5237758266442267,转发微博,0,0,0,1773636869180,https://m.weibo.cn/detail/5237867774739590,上海,0,7629829666,幂律长尾_再生,男,https://m.weibo.cn/u/7629829666?launchid=10000360-page_H5,"https://tvax2.sinaimg.cn/crop.0.0.996.996.180/008klZeOly8gwn6f3bg7nj30ro0rotb1.jpg?KID=imgbed,tva&Expires=1773647669&ssig=kQKsmLgvE6",,526,81,28364
5237863761315861,1764316298,2025-11-28 07:51:38+08:00,5237758266442267,这……,0,0,0,1773636869183,https://m.weibo.cn/detail/5237863761315861,北京,0,5393103230,space6699,女,https://m.weibo.cn/u/5393103230?launchid=10000360-page_H5,"https://tvax1.sinaimg.cn/crop.21.0.1082.1082.180/005SYUvYly8fkhrifqljhj30v90u2q5o.jpg?KID=imgbed,tva&Expires=1773647669&ssig=uSFJlJPkUr",松弛 快乐 尽享人生,880,68,10049
5237859485484476,1764315279,2025-11-28 07:34:39+08:00,5237758266442267,//@北美学术八卦博主:,0,0,0,1773636869185,https://m.weibo.cn/detail/5237859485484476,江苏,1,1860293712,船新小白,女,https://m.weibo.cn/u/1860293712?launchid=10000360-page_H5,"https://tvax3.sinaimg.cn/crop.0.0.1080.1080.180/6ee1d450ly8iazwada7rjj20u00u0jta.jpg?KID=imgbed,tva&Expires=1773647669&ssig=WJFYvqovbO",曾许人间第一流,1404,218,26247
5237857163414231,1764314725,2025-11-28 07:25:25+08:00,5237758266442267,有人的地方，就有江湖。,0,0,0,1773636869189,https://m.weibo.cn/detail/5237857163414231,中国澳门,0,3238143192,鼻科医生王先忠,男,https://m.weibo.cn/u/3238143192?launchid=10000360-page_H5,"https://tvax4.sinaimg.cn/crop.0.0.512.512.180/c10224d8ly8i26qp4gsdoj20e80e83yu.jpg?KID=imgbed,tva&Expires=1773647669&ssig=k%2F2bQKLkuO",擅长慢性鼻鼻窦炎、鼻息肉、腺样体肥大、内翻性乳头状瘤、鼻源性头痛、鼻科疑难杂症诊治。更多信息，请浏览我的个人网页：http://xzhwang.haodf.com,594,5.8万,99029
5237852028797787,1764313501,2025-11-28 07:05:01+08:00,5237758266442267,转发微博,0,0,0,1773636869192,https://m.weibo.cn/detail/5237852028797787,陕西,0,1668589577,隔壁国际法,男,https://m.weibo.cn/u/1668589577?launchid=10000360-page_H5,"https://tvax4.sinaimg.cn/crop.0.0.600.600.180/6374a809ly8gz4qmpmra8j20go0gomy0.jpg?KID=imgbed,tva&Expires=1773647669&ssig=%2Bnd7dspwTx",学习中的法律人,671,437,9526
5237849403163740,1764312875,2025-11-28 06:54:35+08:00,5237758266442267,Repost,0,0,0,1773636876740,https://m.weibo.cn/detail/5237849403163740,浙江,0,1350565915,YourFrien-D,男,https://m.weibo.cn/u/1350565915?launchid=10000360-page_H5,"https://tvax3.sinaimg.cn/crop.0.0.755.755.180/5080001bly8hobkhhlqlnj20kz0kzq4s.jpg?KID=imgbed,tva&Expires=1773647676&ssig=0qbhos6396",个人学术主页 https://idengyf.github.io/,441,2.2万,4415
5237801270641087,1764301399,2025-11-28 03:43:19+08:00,5237758266442267,这...,0,0,0,1773636876745,https://m.weibo.cn/detail/5237801270641087,美国,0,1727449613,Phynics,男,https://m.weibo.cn/u/1727449613?launchid=10000360-page_H5,"https://tvax1.sinaimg.cn/crop.0.0.1080.1080.180/66f6ca0dly8i8ujhaet8ij20u00u042q.jpg?KID=imgbed,tva&Expires=1773647676&ssig=PJL0SJCkis",我已为了你  去看了远山,479,5887,10624
5237788285076349,1764298303,2025-11-28 02:51:43+08:00,5237758266442267,nips估计成真人快打了,0,0,0,1773636876751,https://m.weibo.cn/detail/5237788285076349,日本,0,5048871040,哀得罗尼,男,https://m.weibo.cn/u/5048871040?launchid=10000360-page_H5,"https://tvax3.sinaimg.cn/crop.0.0.1080.1080.180/005vGxZSly8i3n0bnv08nj30u00u0gog.jpg?KID=imgbed,tva&Expires=1773647676&ssig=jPt67VHcNN",何事惊慌,609,174,744
5237788161344455,1764298274,2025-11-28 02:51:14+08:00,5237758266442267,转发微博,0,0,0,1773636876755,https://m.weibo.cn/detail/5237788161344455,山东,0,5983634631,爱折腾的coconuts,男,https://m.weibo.cn/u/5983634631?launchid=10000360-page_H5,"https://tvax1.sinaimg.cn/crop.0.0.445.445.180/006wWIHZly8h1cydo573hj30cd0cd74w.jpg?KID=imgbed,tva&Expires=1773647676&ssig=K3K8ihHQws",我只愿在万人如海中安心的过下去，那里处处有让人震动和狂喜的东西。,249,302,6193
5237787998814532,1764298235,2025-11-28 02:50:35+08:00,5237758266442267,是谁reject了我，而我，又reject了谁//@北美学术八卦博主:,3,0,0,1773636876760,https://m.weibo.cn/detail/5237787998814532,美国,1,7337714168,ClarkXL,男,https://m.weibo.cn/u/7337714168?launchid=10000360-page_H5,"https://tvax2.sinaimg.cn/crop.0.0.512.512.180/0080AiEwly8gc5kt1kirlj30e80e877f.jpg?KID=imgbed,tva&Expires=1773647676&ssig=RvP%2FHqsXHf",熊猫@amethystclark 分猫，身为熊猫，心有猛虎。小小小号是@许褚许仲康,893,531,8496
5237787901034822,1764298212,2025-11-28 02:50:12+08:00,5237758266442267,@Tracy飞啊飞 我真的希望我们的小领域公开审稿人，有一些人真的不配做评审,0,0,0,1773636876770,https://m.weibo.cn/detail/5237787901034822,美国,1,7778686786,Tyreal龟龟QIAN,男,https://m.weibo.cn/u/7778686786?launchid=10000360-page_H5,"https://tvax1.sinaimg.cn/crop.0.0.600.600.180/008uqzM6ly8h6h11st9x4j30go0goq3y.jpg?KID=imgbed,tva&Expires=1773647676&ssig=fRBRscNIkK",,717,105,7540
5237777224434196,1764295666,2025-11-28 02:07:46+08:00,5237758266442267,Repost,0,0,0,1773636876781,https://m.weibo.cn/detail/5237777224434196,美国,0,7603962553,hell_is_other_people,男,https://m.weibo.cn/u/7603962553?launchid=10000360-page_H5,"https://tvax1.sinaimg.cn/crop.0.0.512.512.180/008iBs1jly8h11y1eb9ayj30e80e8754.jpg?KID=imgbed,tva&Expires=1773647676&ssig=37wvXmaT%2Fu",,241,1016,1832
5237774938015107,1764295121,2025-11-28 01:58:41+08:00,5237758266442267,今晚太热闹了,0,0,0,1773636876788,https://m.weibo.cn/detail/5237774938015107,北京,0,1846972357,-遠觀近看大概都是五衫本衫-,男,https://m.weibo.cn/u/1846972357?launchid=10000360-page_H5,"https://tva1.sinaimg.cn/crop.0.0.641.641.180/6e168fc5jw8f6kk68fem3j20ht0htdga.jpg?KID=imgbed,tva&Expires=1773647676&ssig=M%2FdY09bmRV",533 vsziii,265,127,180
5237772755404181,1764294601,2025-11-28 01:50:01+08:00,5237758266442267,转发微博,0,0,0,1773636884396,https://m.weibo.cn/detail/5237772755404181,广东,0,7793479333,123木头人被占用了,男,https://m.weibo.cn/u/7793479333?launchid=10000360-page_H5,"https://tvax3.sinaimg.cn/crop.153.128.383.383.180/008vqDZzly8h6qx11e5ccj30j60ht3z0.jpg?KID=imgbed,tva&Expires=1773647684&ssig=YnwHKdA1Pm",哈哈哈哈哈哈哈哈达人，不是好人，是人,1205,276,47560
5237770031202910,1764293951,2025-11-28 01:39:11+08:00,5237758266442267,转发,0,0,0,1773636884402,https://m.weibo.cn/detail/5237770031202910,浙江,0,5644371960,阁楼上的阿吉,男,https://m.weibo.cn/u/5644371960?launchid=10000360-page_H5,"https://tvax3.sinaimg.cn/crop.0.0.667.667.180/0069ZcZqly8fxpdgqjugij30ij0ij74z.jpg?KID=imgbed,tva&Expires=1773647684&ssig=hJwh6R3ezB",,188,33,2767
5237769022473003,1764293711,2025-11-28 01:35:11+08:00,5237758266442267,,0,0,0,1773636884408,https://m.weibo.cn/detail/5237769022473003,美国,0,1307254057,努力奋斗的圆圆脸,女,https://m.weibo.cn/u/1307254057?launchid=10000360-page_H5,"https://tvax1.sinaimg.cn/crop.0.0.512.512.180/4deb1d29ly8hyjtd11coyj20e80e80sw.jpg?KID=imgbed,tva&Expires=1773647684&ssig=9WPZsVW5Rk","可我生来就倔强|是热烈的骄阳 📖☕️🎹🐱  ”If you are willing to take the chance, the view from the other side is spectacular. —GA”.",2441,1899,5452
5237766862406053,1764293196,2025-11-28 01:26:36+08:00,5237758266442267,//@BRY的鸟鸣:噗哈哈哈哈哈哈//@北美学术八卦博主:,0,0,0,1773636884411,https://m.weibo.cn/detail/5237766862406053,上海,2,7733872683,阿里斯底波-Aristippus,女,https://m.weibo.cn/u/7733872683?launchid=10000360-page_H5,"https://tvax2.sinaimg.cn/crop.0.0.1000.1000.180/008roxzZly8gy0u70t9lgj30rs0rsq59.jpg?KID=imgbed,tva&Expires=1773647684&ssig=FhcI%2FBqtDy",哈利卡纳苏斯的 Historia,802,9814,130229
5237766540757753,1764293119,2025-11-28 01:25:19+08:00,5237758266442267,噗哈哈哈哈哈哈//@北美学术八卦博主:,0,0,1,1773636884424,https://m.weibo.cn/detail/5237766540757753,北京,1,6462784518,BRY的鸟鸣,女,https://m.weibo.cn/u/6462784518?launchid=10000360-page_H5,"https://tvax3.sinaimg.cn/crop.0.0.667.667.180/0073nbtYly8i3dm5hubngj30ij0ij75r.jpg?KID=imgbed,tva&Expires=1773647684&ssig=P%2B2sLgVloW",fuck，邓多多的臀肉,114,267,14862
5237765714217114,1764292922,2025-11-28 01:22:02+08:00,5237758266442267,真是活久见了,0,0,0,1773636884434,https://m.weibo.cn/detail/5237765714217114,河南,0,3290073825,加文_Guo,男,https://m.weibo.cn/u/3290073825?launchid=10000360-page_H5,"https://tvax4.sinaimg.cn/crop.0.0.996.996.180/c41a8ae1ly8fkazm0syhuj20ro0roq45.jpg?KID=imgbed,tva&Expires=1773647684&ssig=kg6GlroRRB",天马行空，自由自在～,361,150,2125
5237764444651834,1764292619,2025-11-28 01:16:59+08:00,5237758266442267,,5,3,4,1773636884440,https://m.weibo.cn/detail/5237764444651834,美国,0,6470348556,北美学术八卦博主,女,https://m.weibo.cn/u/6470348556?launchid=10000360-page_H5,"https://tvax2.sinaimg.cn/crop.0.0.132.132.180/0073SVeAly8fpakp8fk36j303o03o744.jpg?KID=imgbed,tva&Expires=1773647684&ssig=dsYiR%2BIhQg",学术八卦集中营,400,1.3万,3439
5237762290614702,1764292106,2025-11-28 01:08:26+08:00,5237758266442267,转发微博,1,0,0,1773636884444,https://m.weibo.cn/detail/5237762290614702,美国,0,7037879187,北美三本小仙女一枚,女,https://m.weibo.cn/u/7037879187?launchid=10000360-page_H5,"https://tvax3.sinaimg.cn/crop.0.0.996.996.180/007GidSrly8gljgf4en7cj30ro0ro476.jpg?KID=imgbed,tva&Expires=1773647684&ssig=XwU7r9HsTD",归来仍是少女,405,2024,1809
5237761470629210,1764291910,2025-11-28 01:05:10+08:00,5237758266442267,Repost,0,0,0,1773636884451,https://m.weibo.cn/detail/5237761470629210,安徽,0,1961439875,BregmanDivergence,男,https://m.weibo.cn/u/1961439875?launchid=10000360-page_H5,"https://tvax1.sinaimg.cn/crop.0.0.1080.1080.180/74e93283ly8hlpij3z71oj20u00u0jzx.jpg?KID=imgbed,tva&Expires=1773647684&ssig=D%2Br2ydtEko",,518,77,651
5238977651019570,1764581870,2025-12-01 09:37:50+08:00,5237898580330277,//@卧猫岗的猫:呵呵了,0,0,0,1773636978352,https://m.weibo.cn/detail/5238977651019570,上海,1,7889671371,微微诺_,女,https://m.weibo.cn/u/7889671371?launchid=10000360-page_H5,"https://tvax4.sinaimg.cn/crop.0.0.512.512.180/008BWfW3ly8hm9t343uw2j30e80e83z7.jpg?KID=imgbed,tva&Expires=1773647778&ssig=lLyMWPErMu",,110,5,380
5238152977449793,1764385253,2025-11-29 03:00:53+08:00,5237898580330277,呵呵了,4,6,2,1773636978364,https://m.weibo.cn/detail/5238152977449793,美国,0,7888868912,卧猫岗的猫,女,https://m.weibo.cn/u/7888868912?launchid=10000360-page_H5,"https://tvax1.sinaimg.cn/crop.0.0.1080.1080.180/008BSTbaly8ianevt921lj30u00u0jy1.jpg?KID=imgbed,tva&Expires=1773647778&ssig=7iAEEgXq0C",Keep carrying the lantern. The paths it lights tend to lead exactly where people who chase spotlights eventually wish they’d gone.,165,2.2万,2168
5238100462670856,1764372732,2025-11-28 23:32:12+08:00,5237898580330277,转发微博,0,0,0,1773636978371,https://m.weibo.cn/detail/5238100462670856,上海,0,1704302703,_22du,男,https://m.weibo.cn/u/1704302703?launchid=10000360-page_H5,"https://tvax1.sinaimg.cn/crop.0.0.600.600.180/6595986fly8ho4s8w4sedj20go0go761.jpg?KID=imgbed,tva&Expires=1773647778&ssig=G%2BQMAlyMCl",attention is all I need,142,53,5394
5237973735179640,1764342518,2025-11-28 15:08:38+08:00,5237898580330277,微服务,0,0,0,1773636978377,https://m.weibo.cn/detail/5237973735179640,河南,0,1450305785,驭风的胖子,男,https://m.weibo.cn/u/1450305785?launchid=10000360-page_H5,"https://tva2.sinaimg.cn/crop.0.0.180.180.180/5671e8f9jw1e8qgp5bmzyj2050050aa8.jpg?KID=imgbed,tva&Expires=1773647778&ssig=6uJwWh6hnw",胖子的私有数据库 关注→ CST × Psychology × Art,1115,1364,108540
5237973320729221,1764342418,2025-11-28 15:06:58+08:00,5237898580330277,转发微博,0,0,0,1773636978383,https://m.weibo.cn/detail/5237973320729221,辽宁,0,3164138154,AI万物与边界,男,https://m.weibo.cn/u/3164138154?launchid=10000360-page_H5,"https://tvax1.sinaimg.cn/crop.0.0.300.300.180/bc98eaaaly8hyrtvgztzaj208c08cwf0.jpg?KID=imgbed,tva&Expires=1773647778&ssig=AgnlGfntfr",《5G时代如何把握5G这个超级风口》《人类AI复合体经济》作者原创设计发明下一代互联网3.0三大核心：AI代理，超级AI复合体，货币信息论。,2322,1万,107478
5237964890443105,1764340409,2025-11-28 14:33:29+08:00,5237898580330277,ICLR = I Can Locate Reviewer 哈哈哈哈哈哈哈哈,0,0,0,1773636978390,https://m.weibo.cn/detail/5237964890443105,日本,0,7909556718,Laika的新窝,男,https://m.weibo.cn/u/7909556718?launchid=10000360-page_H5,"https://tvax1.sinaimg.cn/crop.0.0.485.485.180/008DhH1sly8huidtomrtwj30dh0dhq3b.jpg?KID=imgbed,tva&Expires=1773647778&ssig=ZFOKMEJduo",shifter v outsider 光之战士,78,6,2942
5237958311675568,1764338841,2025-11-28 14:07:21+08:00,5237898580330277,interesting,0,0,0,1773636978397,https://m.weibo.cn/detail/5237958311675568,上海,0,1871902324,uhawirefoi,男,https://m.weibo.cn/u/1871902324?launchid=10000360-page_H5,"https://tvax4.sinaimg.cn/crop.0.0.896.896.180/6f92f674ly8g34iip3kv3j20ow0ow40v.jpg?KID=imgbed,tva&Expires=1773647778&ssig=%2FXZ0%2BvPVu6",慢工出烂活,594,384,1437
5237953282705031,1764337642,2025-11-28 13:47:22+08:00,5237898580330277,转发微博,0,0,0,1773636978405,https://m.weibo.cn/detail/5237953282705031,北京,0,1113436521,BlueSea0914,男,https://m.weibo.cn/u/1113436521?launchid=10000360-page_H5,"https://tvax4.sinaimg.cn/crop.0.0.1080.1080.180/425db169ly8hyb721jxedj20u00u00xa.jpg?KID=imgbed,tva&Expires=1773647778&ssig=JPdY8wW2%2FO",心向远方..CS、SPORT（Badminton，Tennis and Table Tennis）、Travel（Self-driving）、LOVE,1203,458,12302
5237950200943590,1764336907,2025-11-28 13:35:07+08:00,5237898580330277,哦豁，从开源到开盒,0,0,0,1773636986328,https://m.weibo.cn/detail/5237950200943590,广东,0,6718296161,滚滚猛豹,男,https://m.weibo.cn/u/6718296161?launchid=10000360-page_H5,"https://tvax3.sinaimg.cn/crop.0.0.439.439.180/007kFhJvly8hjk51rhj4zj30c70c7759.jpg?KID=imgbed,tva&Expires=1773647786&ssig=sNZPkzXQUq",,353,65,12794
5237923429482536,1764330523,2025-11-28 11:48:43+08:00,5237898580330277,转发微博,0,0,0,1773636986334,https://m.weibo.cn/detail/5237923429482536,上海,0,5143363224,何似在人间喵,女,https://m.weibo.cn/u/5143363224?launchid=10000360-page_H5,"https://tvax4.sinaimg.cn/crop.0.0.512.512.180/005C51Jmly8i8415drkidj30e80e8my4.jpg?KID=imgbed,tva&Expires=1773647786&ssig=P5PPs6fhjj",人生短暂 开心最重要,2150,570,1825
5238401978603041,1764444619,2025-11-29 19:30:19+08:00,5238250453337506,人家都说了是 openreview了,0,0,0,1773637049333,https://m.weibo.cn/detail/5238401978603041,湖南,0,6852943440,天天信迷信,女,https://m.weibo.cn/u/6852943440?launchid=10000360-page_H5,"https://tvax1.sinaimg.cn/crop.0.18.295.295.180/007tMfDOly8fx8w4zgq69j308709jjsi.jpg?KID=imgbed,tva&Expires=1773647849&ssig=JI50ZGqaBq",,1604,37,379
5238254095826993,1764409360,2025-11-29 09:42:40+08:00,5238250453337506,大事件，可能引发很多人结仇了,5,0,0,1773637049338,https://m.weibo.cn/detail/5238254095826993,山东,0,2194035935,蚁工厂,男,https://m.weibo.cn/u/2194035935?launchid=10000360-page_H5,"https://tva2.sinaimg.cn/crop.236.115.350.350.180/82c654dfjw8f0gg3bp8uij20ne0gjt92.jpg?KID=imgbed,tva&Expires=1773647849&ssig=voyBoZ7Qul",,2258,56.5万,54166
5238009395937554,1764351019,2025-11-28 17:30:19+08:00,5238005488943273,转发微博,0,0,0,1773637112138,https://m.weibo.cn/detail/5238009395937554,山东,0,2209059857,my686,男,https://m.weibo.cn/u/2209059857?launchid=10000360-page_H5,"https://tva1.sinaimg.cn/crop.0.0.180.180.180/83ab9411jw1e8qgp5bmzyj2050050aa8.jpg?KID=imgbed,tva&Expires=1773647911&ssig=pvTbyaxXGY",,2724,4.7万,340610
5238005905233869,1764350188,2025-11-28 17:16:28+08:00,5238005488943273,转发微博,0,0,0,1773637112144,https://m.weibo.cn/detail/5238005905233869,广东,0,1010512984,万策尽矣,女,https://m.weibo.cn/u/1010512984?launchid=10000360-page_H5,"https://tva1.sinaimg.cn/crop.0.7.173.173.180/3c3b3458jw8f19q9dwmrdj2050050q35.jpg?KID=imgbed,tva&Expires=1773647911&ssig=h8ydqdn57v",型月/轨迹/霹雳/山口山/明日方舟/苏丹的游戏/石头门/异度之刃3/博德之门3,1329,3310,69181
5238037307197969,1764357675,2025-11-28 19:21:15+08:00,5237877883011247,修修补补又一年//@Maeiee:刺激//@蚁工厂:原因是双盲评审网站 OpenReview 数据泄漏，影响不局限于该会，谁给自己打了低分都知道了。。据说还有评审人给自己同研究方向的一律打低分的   查看图片 //@文軾:太刺激了,0,0,0,1773637174105,https://m.weibo.cn/detail/5238037307197969,江苏,3,7409053086,匪兕匪虎目含泪眼婆娑,男,https://m.weibo.cn/u/7409053086?launchid=10000360-page_H5,"https://tvax2.sinaimg.cn/crop.0.0.1080.1080.180/0085pDaely8gcnou537bhj30u00u041c.jpg?KID=imgbed,tva&Expires=1773647973&ssig=fbKU8zJ7vw",万水千山，red or blue？,1285,277,4804
5237998772030944,1764348487,2025-11-28 16:48:07+08:00,5237877883011247,為什麼雙非本科畢業無產出的人也可以審評//@Maeiee:刺激//@蚁工厂:原因是双盲评审网站 OpenReview 数据泄漏，影响不局限于该会，谁给自己打了低分都知道了。。据说还有评审人给自己同研究方向的一律打低分的   查看图片 //@文軾:太刺激了,0,0,0,1773637174121,https://m.weibo.cn/detail/5237998772030944,中国澳门,3,7903498158,极品眠公子,女,https://m.weibo.cn/u/7903498158?launchid=10000360-page_H5,"https://tvax1.sinaimg.cn/crop.0.0.1080.1080.180/008CSgUKly8ib7l0gi102j30u00u0tb4.jpg?KID=imgbed,tva&Expires=1773647973&ssig=hgJcl9XOh7",镇魂♡/我号很烂不要手抖关注又秒取/不用因为评论关注我/不回pm不回fo/访客已关,725,32,896
5237992986776163,1764347108,2025-11-28 16:25:08+08:00,5237877883011247,太好笑了 from rebuttal to re-battle,0,1,0,1773637174132,https://m.weibo.cn/detail/5237992986776163,广东,0,6467804719,西瓜鱼鱼玉米青菜,男,https://m.weibo.cn/u/6467804719?launchid=10000360-page_H5,"https://tvax3.sinaimg.cn/crop.0.0.1080.1080.180/0073IfsXly8hs9ho4qvloj30u00u0aby.jpg?KID=imgbed,tva&Expires=1773647973&ssig=aakaDKnjT3",うさぎは最高です!!,784,63,612
5237987065728048,1764345696,2025-11-28 16:01:36+08:00,5237877883011247,//@丕子:光怪陆离,0,0,0,1773637174137,https://m.weibo.cn/detail/5237987065728048,中国澳门,1,6990903687,Dreamer_CYH,男,https://m.weibo.cn/u/6990903687?launchid=10000360-page_H5,"https://tvax1.sinaimg.cn/crop.0.0.1006.1006.180/007D77p5ly8ge4uyn7gn0j30ry0ryq9d.jpg?KID=imgbed,tva&Expires=1773647973&ssig=%2B4Y%2BOIKyTZ",,1285,55,44744
5237983122033656,1764344756,2025-11-28 15:45:56+08:00,5237877883011247,//@蚁工厂:原因是双盲评审网站 OpenReview 数据泄漏，影响不局限于该会，谁给自己打了低分都知道了。。据说还有评审人给自己同研究方向的一律打低分的   查看图片 //@文軾:太刺激了,0,0,0,1773637174143,https://m.weibo.cn/detail/5237983122033656,北京,2,3723218991,咸鱼西饭,男,https://m.weibo.cn/u/3723218991?launchid=10000360-page_H5,"https://tva1.sinaimg.cn/crop.4.0.196.196.180/ddebd02fjw1ejy4ild9m4j205l05idg5.jpg?KID=imgbed,tva&Expires=1773647973&ssig=uIGm8Wt%2BmE",,61,1,21147
5237963711580896,1764340128,2025-11-28 14:28:48+08:00,5237877883011247,//@丕子:光怪陆离,0,0,0,1773637174151,https://m.weibo.cn/detail/5237963711580896,上海,1,7737769880,重生之我爱我家,女,https://m.weibo.cn/u/7737769880?launchid=10000360-page_H5,"https://tvax4.sinaimg.cn/crop.0.0.1080.1080.180/008rETq0ly8hwf07cspdsj30u00u0443.jpg?KID=imgbed,tva&Expires=1773647973&ssig=%2B76szpcyWV",劣精滞销，救救我们,2735,580,94219
5237951212553246,1764337148,2025-11-28 13:39:08+08:00,5237877883011247,//@夜的咖啡:刺激//@Maeiee:刺激//@蚁工厂:原因是双盲评审网站 OpenReview 数据泄漏，影响不局限于该会，谁给自己打了低分都知道了。。据说还有评审人给自己同研究方向的一律打低分的 查看图片 //@文軾:太刺激了,0,0,0,1773637174158,https://m.weibo.cn/detail/5237951212553246,浙江,4,5404633672,朱黎俊的粉丝,男,https://m.weibo.cn/u/5404633672?launchid=10000360-page_H5,"https://tvax1.sinaimg.cn/crop.0.0.316.316.180/005TLi6Qly8h8npwoxvxkj308s08sgm3.jpg?KID=imgbed,tva&Expires=1773647973&ssig=9CUzforSUE",富强、民主、文明、和谐、自由、平等、公正、法治、爱国、敬业、诚信、友善,394,39,2961
5237950943071556,1764337084,2025-11-28 13:38:04+08:00,5237877883011247,//@BobTuanDB://@Maeiee:刺激//@蚁工厂:原因是双盲评审网站 OpenReview 数据泄漏，影响不局限于该会，谁给自己打了低分都知道了。。据说还有评审人给自己同研究方向的一律打低分的 查看图片 //@文軾:太刺激了,0,0,0,1773637174170,https://m.weibo.cn/detail/5237950943071556,英国,4,2707301552,御田知桥,男,https://m.weibo.cn/u/2707301552?launchid=10000360-page_H5,"https://tvax1.sinaimg.cn/crop.0.0.1080.1080.180/a15e24b0ly8h8edj2bhm9j20u00u0dhs.jpg?KID=imgbed,tva&Expires=1773647973&ssig=6OLaKDjID9",在星河之外,500,461,16898
5237949792782913,1764336810,2025-11-28 13:33:30+08:00,5237877883011247,//@Maeiee:刺激//@蚁工厂:原因是双盲评审网站 OpenReview 数据泄漏，影响不局限于该会，谁给自己打了低分都知道了。。据说还有评审人给自己同研究方向的一律打低分的 查看图片 //@文軾:太刺激了,1,0,1,1773637180774,https://m.weibo.cn/detail/5237949792782913,北京,3,5316461624,BobTuanDB,男,https://m.weibo.cn/u/5316461624?launchid=10000360-page_H5,"https://tvax3.sinaimg.cn/crop.0.0.512.512.180/005NNkx2ly8gpu3kwje1zj30e80e8wj0.jpg?KID=imgbed,tva&Expires=1773647980&ssig=NpxmzmulKc",,909,214,10316
5237934974306347,1764333277,2025-11-28 12:34:37+08:00,5237877883011247,//@Maeiee:刺激//@蚁工厂:原因是双盲评审网站 OpenReview 数据泄漏，影响不局限于该会，谁给自己打了低分都知道了。。据说还有评审人给自己同研究方向的一律打低分的   查看图片 //@文軾:太刺激了,0,0,0,1773637180792,https://m.weibo.cn/detail/5237934974306347,四川,3,1796191232,这个名字好呢,男,https://m.weibo.cn/u/1796191232?launchid=10000360-page_H5,"https://tva2.sinaimg.cn/crop.57.31.122.122.180/6b0fb400jw8eqjdylkd3oj206404g0sm.jpg?KID=imgbed,tva&Expires=1773647980&ssig=aM1COl%2F7vS",,613,137,6301
5237931669197275,1764332489,2025-11-28 12:21:29+08:00,5237877883011247,啥13审稿人//@蚁工厂:原因是双盲评审网站 OpenReview 数据泄漏，影响不局限于该会，谁给自己打了低分都知道了。。据说还有评审人给自己同研究方向的一律打低分的 查看图片 //@文軾:太刺激了,0,0,0,1773637180808,https://m.weibo.cn/detail/5237931669197275,福建,2,7904907012,再无话说速速动手,女,https://m.weibo.cn/u/7904907012?launchid=10000360-page_H5,"https://tvax2.sinaimg.cn/crop.0.0.512.512.180/008CYbqcly8hrnn0c52laj30e80e8q3q.jpg?KID=imgbed,tva&Expires=1773647980&ssig=%2FTKRa8S%2FE%2F",人类完蛋啦！,100,8,476
5237925432526207,1764331002,2025-11-28 11:56:42+08:00,5237877883011247,Repost,0,0,0,1773637180822,https://m.weibo.cn/detail/5237925432526207,广西,0,1213545220,Looking-at-you,女,https://m.weibo.cn/u/1213545220?launchid=10000360-page_H5,"https://tva1.sinaimg.cn/crop.0.0.1080.1080.180/48553b04jw8eqxsemk1lhj20u00u0whl.jpg?KID=imgbed,tva&Expires=1773647980&ssig=Y8i%2Fi%2BQwt2",Every step towards your dream today is a step away from your regret tomorrow.,1394,203,12569
5237924004368874,1764330661,2025-11-28 11:51:01+08:00,5237877883011247,刺激//@Maeiee:刺激//@蚁工厂:原因是双盲评审网站 OpenReview 数据泄漏，影响不局限于该会，谁给自己打了低分都知道了。。据说还有评审人给自己同研究方向的一律打低分的   查看图片 //@文軾:太刺激了,19,1,1,1773637180827,https://m.weibo.cn/detail/5237924004368874,广东,3,1724889741,夜的咖啡,男,https://m.weibo.cn/u/1724889741?launchid=10000360-page_H5,"https://tvax4.sinaimg.cn/crop.0.0.1024.1024.180/66cfba8dly8iarny4ffekj20sg0sgjsn.jpg?KID=imgbed,tva&Expires=1773647980&ssig=oaEm1ftNwr",不知名博主 爱玩各种逗比游戏,855,15.1万,23149
5237923315187812,1764330496,2025-11-28 11:48:16+08:00,5237877883011247,刺激//@蚁工厂:原因是双盲评审网站 OpenReview 数据泄漏，影响不局限于该会，谁给自己打了低分都知道了。。据说还有评审人给自己同研究方向的一律打低分的   查看图片 //@文軾:太刺激了,2,0,7,1773637180841,https://m.weibo.cn/detail/5237923315187812,北京,2,1240212845,Maeiee,男,https://m.weibo.cn/u/1240212845?launchid=10000360-page_H5,"https://tva3.sinaimg.cn/crop.0.0.1080.1080.180/49ec256djw8eumfjtsc6rj20u00u0jug.jpg?KID=imgbed,tva&Expires=1773647980&ssig=0AMB3ybOLZ",Android 工程师 | 西二旗码农 | 乐于分享技术心得,1073,22.5万,20863
5237922438840724,1764330287,2025-11-28 11:44:47+08:00,5237877883011247,//@丕子:光怪陆离,0,0,0,1773637180855,https://m.weibo.cn/detail/5237922438840724,浙江,1,7494836996,乌龟小雯2020,男,https://m.weibo.cn/u/7494836996?launchid=10000360-page_H5,"https://tvax4.sinaimg.cn/crop.0.0.1080.1080.180/008bdztGly8gi3ezae5izj30u00u0dj6.jpg?KID=imgbed,tva&Expires=1773647980&ssig=SQjmKTiFxd",,443,22,2959
5237920762172620,1764329888,2025-11-28 11:38:08+08:00,5237877883011247,//@蚁工厂:原因是双盲评审网站 OpenReview 数据泄漏，影响不局限于该会，谁给自己打了低分都知道了。。据说还有评审人给自己同研究方向的一律打低分的   查看图片 //@文軾:太刺激了,0,0,0,1773637180865,https://m.weibo.cn/detail/5237920762172620,江苏,2,1005724414,海棠树下蔷薇浓,男,https://m.weibo.cn/u/1005724414?launchid=10000360-page_H5,"https://tvax1.sinaimg.cn/crop.0.0.1080.1080.180/3bf222fely8gdmoa3ddbmj20u00u0q5m.jpg?KID=imgbed,tva&Expires=1773647980&ssig=H2ZZPTEKG8",各成宇宙，互为人间,4789,583,40654
5237916745860385,1764328931,2025-11-28 11:22:11+08:00,5237877883011247,//@蚁工厂:原因是双盲评审网站 OpenReview 数据泄漏，影响不局限于该会，谁给自己打了低分都知道了。。据说还有评审人给自己同研究方向的一律打低分的   查看图片 //@文軾:太刺激了,0,0,0,1773637180875,https://m.weibo.cn/detail/5237916745860385,上海,2,7793479333,123木头人被占用了,男,https://m.weibo.cn/u/7793479333?launchid=10000360-page_H5,"https://tvax3.sinaimg.cn/crop.153.128.383.383.180/008vqDZzly8h6qx11e5ccj30j60ht3z0.jpg?KID=imgbed,tva&Expires=1773647980&ssig=907HKRF%2Fl5",哈哈哈哈哈哈哈哈达人，不是好人，是人,1205,276,47560
5237914774801620,1764328461,2025-11-28 11:14:21+08:00,5237877883011247,追更,1,0,0,1773637180889,https://m.weibo.cn/detail/5237914774801620,北京,0,6047944543,三个二带对圈儿,男,https://m.weibo.cn/u/6047944543?launchid=10000360-page_H5,"https://tvax2.sinaimg.cn/crop.0.0.1080.1080.180/006BiyEDly8gr23n5f3c1j30u00u0js3.jpg?KID=imgbed,tva&Expires=1773647980&ssig=Us6RlcJpAT",Everything you touch surely dies,114,33,502
5237914604670648,1764328420,2025-11-28 11:13:40+08:00,5237877883011247,绝了，但已经有了大范围开盒和对线,1,1,0,1773637187348,https://m.weibo.cn/detail/5237914604670648,浙江,0,5338613080,Capsule_Pro,男,https://m.weibo.cn/u/5338613080?launchid=10000360-page_H5,"https://tvax2.sinaimg.cn/crop.0.0.828.828.180/005Pih8Aly8gxzpp1bw4oj30n00n0gmi.jpg?KID=imgbed,tva&Expires=1773647987&ssig=UmTP5yWJQe",混日子博主,934,268,4452
5237903565524672,1764325788,2025-11-28 10:29:48+08:00,5237877883011247,刺激//@蚁工厂:原因是双盲评审网站 OpenReview 数据泄漏，影响不局限于该会，谁给自己打了低分都知道了。。据说还有评审人给自己同研究方向的一律打低分的  //@文軾:太刺激了,0,0,0,1773637187354,https://m.weibo.cn/detail/5237903565524672,北京,2,6189332814,古典吉他_BLUE,女,https://m.weibo.cn/u/6189332814?launchid=10000360-page_H5,"https://tvax2.sinaimg.cn/crop.0.0.996.996.180/006KROcCly8g1jo7dg3fkj30ro0ron3u.jpg?KID=imgbed,tva&Expires=1773647987&ssig=QXAaG5GR4L",一张琴，一壶酒，一溪云,477,190,8803
5237902606863083,1764325560,2025-11-28 10:26:00+08:00,5237877883011247,原因是双盲评审网站 OpenReview 数据泄漏，影响不局限于该会，谁给自己打了低分都知道了。。据说还有评审人给自己同研究方向的一律打低分的   查看图片 //@文軾:太刺激了,9,4,13,1773637187369,https://m.weibo.cn/detail/5237902606863083,山东,1,2194035935,蚁工厂,男,https://m.weibo.cn/u/2194035935?launchid=10000360-page_H5,"https://tva2.sinaimg.cn/crop.236.115.350.350.180/82c654dfjw8f0gg3bp8uij20ne0gjt92.jpg?KID=imgbed,tva&Expires=1773647987&ssig=%2FcsAJKWhuE",,2258,56.5万,54166
5237902340788067,1764325496,2025-11-28 10:24:56+08:00,5237877883011247,光怪陆离,3,0,3,1773637187378,https://m.weibo.cn/detail/5237902340788067,江苏,0,1665335994,丕子,男,https://m.weibo.cn/u/1665335994?launchid=10000360-page_H5,"https://tva1.sinaimg.cn/crop.0.0.180.180.180/634302bajw1e8qgp5bmzyj2050050aa8.jpg?KID=imgbed,tva&Expires=1773647987&ssig=d4kbxsccOL","What I cannot create, I do not understand.",2724,12.3万,23471
5237898905125517,1764324677,2025-11-28 10:11:17+08:00,5237877883011247,太刺激了,0,0,14,1773637187382,https://m.weibo.cn/detail/5237898905125517,美国,0,1866123141,文軾,男,https://m.weibo.cn/u/1866123141?launchid=10000360-page_H5,"https://tvax3.sinaimg.cn/crop.0.0.1024.1024.180/6f3ac785ly8gbcpn57zhxj20sg0sgdgo.jpg?KID=imgbed,tva&Expires=1773647987&ssig=yIOMe9afdx",侵晓霜晨月，蟾宫伐桂声,16,18,4176
5238874876150230,1764557367,2025-12-01 02:49:27+08:00,5238365286042451,转发微博,0,0,0,1773637242027,https://m.weibo.cn/detail/5238874876150230,湖北,0,6258809290,玉猫201705,女,https://m.weibo.cn/u/6258809290?launchid=10000360-page_H5,"https://tvax4.sinaimg.cn/crop.0.0.331.331.180/006PzkcWly8hngkswxgkfj3097097aae.jpg?KID=imgbed,tva&Expires=1773648041&ssig=y8HhUiAg9B",我自横刀向天笑，去留肝胆两昆仑,786,39,19538
5238091670358831,1764370636,2025-11-28 22:57:16+08:00,5238082921305119,转发微博,1,0,0,1773637364338,https://m.weibo.cn/detail/5238091670358831,广东,0,7181375425,uua_2026,男,https://m.weibo.cn/u/7181375425?launchid=10000360-page_H5,"https://tvax2.sinaimg.cn/crop.0.0.512.512.180/007Q0jNTly8i3wa94frhrj30e80e8wet.jpg?KID=imgbed,tva&Expires=1773648164&ssig=6GL5FKc5gH",People die.,356,148,884
5244085092748396,1765799579,2025-12-15 11:52:59+08:00,5242376845265639,转发微博,0,0,0,1773637461878,https://m.weibo.cn/detail/5244085092748396,广东,0,3786019297,槛牢中的满月,女,https://m.weibo.cn/u/3786019297?launchid=10000360-page_H5,"https://tvax1.sinaimg.cn/crop.0.0.600.600.180/e1aa11e1ly8i68hvky3e0j20go0gogm8.jpg?KID=imgbed,tva&Expires=1773648261&ssig=RyXqokvXnD",一个观众,5082,67,55623
5244007516998384,1765781084,2025-12-15 06:44:44+08:00,5242376845265639,草哈哈哈哈,0,0,0,1773637461882,https://m.weibo.cn/detail/5244007516998384,上海,0,7689047351,Satomi_Toka,男,https://m.weibo.cn/u/7689047351?launchid=10000360-page_H5,"https://tvax4.sinaimg.cn/crop.0.0.512.512.180/008omssLly8hxmfxfnhwvj30e80e8wfk.jpg?KID=imgbed,tva&Expires=1773648261&ssig=LXtPfhyJ%2F2",原神+崩坏星穹铁道+魔法少女小圆+孤独摇滚+碧蓝档案+邦邦，爱美+PPP推，音宝rtc，无情的转发机器。,1111,503,30250
5243381431143973,1765631813,2025-12-13 13:16:53+08:00,5242376845265639,转发微博,0,0,0,1773637461884,https://m.weibo.cn/detail/5243381431143973,福建,0,5536829795,anlee1,男,https://m.weibo.cn/u/5536829795?launchid=10000360-page_H5,"https://tvax1.sinaimg.cn/crop.0.0.1080.1080.180/0062HYmnly8h58fgsqmvwj30u00u0wfu.jpg?KID=imgbed,tva&Expires=1773648261&ssig=MFFZJfTlIN",,7319,119,68471
5243049642820685,1765552709,2025-12-12 15:18:29+08:00,5242376845265639,转发微博,0,0,0,1773637461890,https://m.weibo.cn/detail/5243049642820685,北京,0,6144534759,晚安GPT,女,https://m.weibo.cn/u/6144534759?launchid=10000360-page_H5,"https://tvax4.sinaimg.cn/crop.0.0.1002.1002.180/006HPQblly8getdwnsahaj30ru0ruwga.jpg?KID=imgbed,tva&Expires=1773648261&ssig=ef6hD2Ktqr",日拱一卒,707,331,5600
5242986980969494,1765537769,2025-12-12 11:09:29+08:00,5242376845265639,转发微博,0,0,0,1773637461895,https://m.weibo.cn/detail/5242986980969494,河南,0,2656491334,溪午不闻钟一,男,https://m.weibo.cn/u/2656491334?launchid=10000360-page_H5,"https://tva4.sinaimg.cn/crop.0.0.0.0.180/9e56d746gw1eeajay3qf5g2050050dft.gif?KID=imgbed,tva&Expires=1773648261&ssig=FdzlDASsVG",,4888,330,8831
5242728981206569,1765476257,2025-12-11 18:04:17+08:00,5242376845265639,转发微博,0,0,0,1773637461900,https://m.weibo.cn/detail/5242728981206569,广东,0,6099997875,花光年AI,男,https://m.weibo.cn/u/6099997875?launchid=10000360-page_H5,"https://tva3.sinaimg.cn/crop.0.0.996.996.180/006EOY6vjw8fbcoqsi9ppj30ro0rpn0v.jpg?KID=imgbed,tva&Expires=1773648261&ssig=PS7TtJJhsV",,1578,700,78538
5242548474086363,1765433221,2025-12-11 06:07:01+08:00,5242376845265639,转发微博,0,0,0,1773637461904,https://m.weibo.cn/detail/5242548474086363,广东,0,1912934215,Travelerlife-Song,女,https://m.weibo.cn/u/1912934215?launchid=10000360-page_H5,"https://tva1.sinaimg.cn/crop.0.0.180.180.180/72050f47jw1e8qgp5bmzyj2050050aa8.jpg?KID=imgbed,tva&Expires=1773648261&ssig=xhBKNffR3h",但行好事，莫问前程。,3460,948,37664
5242434877653175,1765406136,2025-12-10 22:35:36+08:00,5242376845265639,转发微博,0,0,0,1773637461909,https://m.weibo.cn/detail/5242434877653175,上海,0,7737769880,重生之我爱我家,女,https://m.weibo.cn/u/7737769880?launchid=10000360-page_H5,"https://tvax4.sinaimg.cn/crop.0.0.1080.1080.180/008rETq0ly8hwf07cspdsj30u00u0443.jpg?KID=imgbed,tva&Expires=1773648261&ssig=iMMj9poOn3",劣精滞销，救救我们,2735,580,94219
5245142688597612,1766051730,2025-12-18 09:55:30+08:00,5244848534717728,幸福满满 有意思,0,0,0,1773637608665,https://m.weibo.cn/detail/5245142688597612,河北,0,8471855214,HiLL吃辣椒古酱,男,https://m.weibo.cn/u/8471855214?launchid=10000360-page_H5,"https://tvax2.sinaimg.cn/crop.0.0.180.180.180/009fl2y2ly8i8inynw6qqj30500500so.jpg?KID=imgbed,tva&Expires=1773648408&ssig=3HTU3JubQC",既然改變悟到環境就唯有改變自己,176,6,12
5245126756008656,1766047931,2025-12-18 08:52:11+08:00,5244848534717728,顶你 冲鸭 怀念从前,0,0,0,1773637608671,https://m.weibo.cn/detail/5245126756008656,广西,0,8285308200,用户8285308200,女,https://m.weibo.cn/u/8285308200?launchid=10000360-page_H5,"https://tvax3.sinaimg.cn/crop.0.0.180.180.180/0092Ij9ely8i7alpdb7mzj3050050743.jpg?KID=imgbed,tva&Expires=1773648408&ssig=kJe6VY6Ngj",cgm初了解,1042,1,11
5245117380430573,1766045696,2025-12-18 08:14:56+08:00,5244848534717728, 这期完成度好高 我愿称之为今天的惊喜 给跪了,0,0,0,1773637608678,https://m.weibo.cn/detail/5245117380430573,陕西,0,4054436735,芋圆要全汾糖,女,https://m.weibo.cn/u/4054436735?launchid=10000360-page_H5,"https://tvax3.sinaimg.cn/crop.0.0.180.180.180/f1a9cb7fly8i8ikzot1bcj2050050wee.jpg?KID=imgbed,tva&Expires=1773648408&ssig=NmqQrGjbMz",0911❤️,148,1,7
5245054320115734,1766030660,2025-12-18 04:04:20+08:00,5244848534717728, 幸福满满,0,0,0,1773637608683,https://m.weibo.cn/detail/5245054320115734,北京,0,4081584281,随便云云酝曰,女,https://m.weibo.cn/u/4081584281?launchid=10000360-page_H5,"https://tvax3.sinaimg.cn/crop.0.0.180.180.180/f3480899ly8i7oh2dnu70j2050050glg.jpg?KID=imgbed,tva&Expires=1773648408&ssig=7J%2BVet6XFz",👀,46,1,11
5244528134980580,1765905208,2025-12-16 17:13:28+08:00,5241588731348466,说实话，人类会不会把自己最后玩儿崩了,0,0,0,1773637673137,https://m.weibo.cn/detail/5244528134980580,北京,0,2057256033,糖果味儿兔美,男,https://m.weibo.cn/u/2057256033?launchid=10000360-page_H5,"https://tvax2.sinaimg.cn/crop.0.0.1080.1080.180/7a9f3c61ly8ia8zbxgg3uj20u00u00v4.jpg?KID=imgbed,tva&Expires=1773648473&ssig=eglVsPcm%2Bz",--,255,133,1885
5242650787843647,1765457614,2025-12-11 12:53:34+08:00,5241588731348466,转发微博,0,0,0,1773637673143,https://m.weibo.cn/detail/5242650787843647,甘肃,0,2951458223,哀兵2951458223,男,https://m.weibo.cn/u/2951458223?launchid=10000360-page_H5,"https://tva4.sinaimg.cn/crop.0.0.1080.1080.180/afebadafjw8esqlvrekc7j20u00u0q85.jpg?KID=imgbed,tva&Expires=1773648473&ssig=umcjhaoBbK",,3042,283,12693
5241609920709728,1765209452,2025-12-08 15:57:32+08:00,5241588731348466,转发微博,0,0,0,1773637673153,https://m.weibo.cn/detail/5241609920709728,湖北,0,2931610065,溪行的风,男,https://m.weibo.cn/u/2931610065?launchid=10000360-page_H5,"https://tvax3.sinaimg.cn/crop.0.0.1080.1080.180/aebcd1d1ly8i6mbu2nbumj20u00u0gny.jpg?KID=imgbed,tva&Expires=1773648473&ssig=ZoYZVin5eL",诗词养心馆        印「敬藏」之心，养当下之我。        在这里，用一份恭敬，探寻唐诗宋词中藏着的生命智慧。        主理人：溪行的风,638,2248,327508
5239268961419721,1764651324,2025-12-02 04:55:24+08:00,5239119076658552,转发微博,0,0,0,1773637727940,https://m.weibo.cn/detail/5239268961419721,俄罗斯,0,5974492728,大收纳柜,女,https://m.weibo.cn/u/5974492728?launchid=10000360-page_H5,"https://tvax1.sinaimg.cn/crop.0.0.812.812.180/006wkmtWly8h9ltyueyl5j30mk0mk41h.jpg?KID=imgbed,tva&Expires=1773648527&ssig=rWCoZAvGp9",摇滚可以陶冶情操～电音可以拿来扭腰～百年rps深情款款,1352,2659,24079
5239144274199968,1764621596,2025-12-01 20:39:56+08:00,5239119076658552,轉發微博,0,0,0,1773637727945,https://m.weibo.cn/detail/5239144274199968,安徽,0,1408018567,insomniaQ,男,https://m.weibo.cn/u/1408018567?launchid=10000360-page_H5,"https://tvax3.sinaimg.cn/crop.0.0.512.512.180/53eca887ly8gtw5di542mj20e80e8755.jpg?KID=imgbed,tva&Expires=1773648527&ssig=raMcI%2BNwOy",,415,232,18872
5239140792926537,1764620765,2025-12-01 20:26:05+08:00,5239119076658552,转发微博,1,0,0,1773637727950,https://m.weibo.cn/detail/5239140792926537,上海,0,5143363224,何似在人间喵,女,https://m.weibo.cn/u/5143363224?launchid=10000360-page_H5,"https://tvax4.sinaimg.cn/crop.0.0.512.512.180/005C51Jmly8i8415drkidj30e80e8my4.jpg?KID=imgbed,tva&Expires=1773648527&ssig=YVTQD6ZZ7z",人生短暂 开心最重要,2150,570,1825
5238449176319826,1764455872,2025-11-29 22:37:52+08:00,5237906563924066,转发微博,0,0,0,1773638005908,https://m.weibo.cn/detail/5238449176319826,上海,0,1296826312,福叁的壹,女,https://m.weibo.cn/u/1296826312?launchid=10000360-page_H5,"https://tvax4.sinaimg.cn/crop.0.0.1242.1242.180/4d4bffc8ly8fuuynivuw6j20yi0yijuz.jpg?KID=imgbed,tva&Expires=1773648805&ssig=ldOGZQzrGn",哦。,110,120,4693
5238267058588372,1764412452,2025-11-29 10:34:12+08:00,5237906563924066,好想在毕业前也能投个A会感受一下，相比期刊的平静如死水一般的peer review，这种活人感的网络互喷氛围我可真是太向往了,0,0,0,1773638005917,https://m.weibo.cn/detail/5238267058588372,澳大利亚,0,5710056317,-小汪同学在干嘛-,女,https://m.weibo.cn/u/5710056317?launchid=10000360-page_H5,"https://tvax1.sinaimg.cn/crop.0.0.1059.1059.180/006eqOuxly8hz1p7f3faij30tf0tfwgy.jpg?KID=imgbed,tva&Expires=1773648805&ssig=povMNZyJy7",思想上要尖锐，情绪上要圆滑。,252,99,1376
5238242117159395,1764406505,2025-11-29 08:55:05+08:00,5237906563924066,academics are so damned petty,0,0,0,1773638005923,https://m.weibo.cn/detail/5238242117159395,美国,0,9060858773,星烘掀,男,https://m.weibo.cn/u/9060858773?launchid=10000360-page_H5,"https://tvax3.sinaimg.cn/crop.0.0.600.600.180/009Tcrhrly8i5l2rbsro8j30go0gomz6.jpg?KID=imgbed,tva&Expires=1773648805&ssig=CZrjxdRBuU",人类这种动物不值钱,26,22,320
5238211375792680,1764399176,2025-11-29 06:52:56+08:00,5237906563924066,"每次审稿都假设自己是实名的就好了，就像写邮件的最佳操作就是假设每一封邮件都有可能被转发//@Tianyi_stfu_version:Now I can easily remember ICLR, &quot;I Can Locate the Reviewers&quot;",1,0,0,1773638005928,https://m.weibo.cn/detail/5238211375792680,加拿大,1,7576177455,如梦似幻五十载,男,https://m.weibo.cn/u/7576177455?launchid=10000360-page_H5,"https://tvax2.sinaimg.cn/crop.0.0.805.805.180/008gIRQzly8hoaydmrfdej30md0mddhk.jpg?KID=imgbed,tva&Expires=1773648805&ssig=yjYYUFlzVI",一度得生者，岂有不灭者乎？| 谁还不是来人间走个过场,253,117,348
5238096402844263,1764371764,2025-11-28 23:16:04+08:00,5237906563924066,转发微博,0,0,0,1773638005934,https://m.weibo.cn/detail/5238096402844263,广东,0,5845368028,明白_知道,男,https://m.weibo.cn/u/5845368028?launchid=10000360-page_H5,"https://tvax4.sinaimg.cn/crop.0.0.800.800.180/006nAzfuly8hwkbm5f1uij30m80m8tba.jpg?KID=imgbed,tva&Expires=1773648805&ssig=0EnOT2ajcB",胡乱转发的单只傻狍子养育保护专家,248,140,9514
5238088093667350,1764369783,2025-11-28 22:43:03+08:00,5237906563924066,"Now I can easily remember ICLR, &quot;I Can Locate the Reviewers&quot;",3,1,1,1773638005937,https://m.weibo.cn/detail/5238088093667350,英国,0,7912396743,Tianyi_stfu_version,男,https://m.weibo.cn/u/7912396743?launchid=10000360-page_H5,"https://tvax4.sinaimg.cn/crop.0.0.1080.1080.180/008DtBQjly8hu0wjq3ooej30u00u076h.jpg?KID=imgbed,tva&Expires=1773648805&ssig=LE87jnek21",Inquisitive Young,249,43,1303
5238060779307273,1764363270,2025-11-28 20:54:30+08:00,5237906563924066,比ai生成内容好看多了,3,0,0,1773638005941,https://m.weibo.cn/detail/5238060779307273,日本,0,2627528013,_ProjectG,女,https://m.weibo.cn/u/2627528013?launchid=10000360-page_H5,"https://tvax1.sinaimg.cn/crop.0.0.600.600.180/9c9ce54dly8i5nuym5wpxj20go0gomyj.jpg?KID=imgbed,tva&Expires=1773648805&ssig=N%2Fhpi6wtIe",知易行难,1443,1907,10672
5237975115630531,1764342847,2025-11-28 15:14:07+08:00,5237906563924066,看戏,0,0,0,1773638005945,https://m.weibo.cn/detail/5237975115630531,宁夏,0,6537673609,Null00000000000000,女,https://m.weibo.cn/u/6537673609?launchid=10000360-page_H5,"https://tvax2.sinaimg.cn/crop.0.0.1080.1080.180/0078rpyxly8i5p85mtz18j30u00u0t8q.jpg?KID=imgbed,tva&Expires=1773648805&ssig=kXqzf2hyo5",我的真命天女在哪里/防搜LGBTQ粉籍很杂性别女爱好女做女王大人你的甜心宝宝兔ꪔ͈̮ꪔ̤̫ꪔ̤̱ꪔ̤̥可爱笨笨狗૮ o̴̶̷᷄ ·̫ o̴̶̷̥᷅ ა,2834,506,8532
5237928046887573,1764331625,2025-11-28 12:07:05+08:00,5237906563924066,//@明风:,0,0,0,1773638005949,https://m.weibo.cn/detail/5237928046887573,四川,1,6147938363,换个地方躲的阿狗,女,https://m.weibo.cn/u/6147938363?launchid=10000360-page_H5,"https://tvax1.sinaimg.cn/crop.0.0.580.580.180/006I47Cbly8h6zwwwhqqcj30g40g4q2x.jpg?KID=imgbed,tva&Expires=1773648805&ssig=ZYp6syQinA",换个地方躲,314,164,32760
5237918270750990,1764329293,2025-11-28 11:28:13+08:00,5237906563924066,,0,0,2,1773638013311,https://m.weibo.cn/detail/5237918270750990,河南,0,2304284334,明风,男,https://m.weibo.cn/u/2304284334?launchid=10000360-page_H5,"https://tva1.sinaimg.cn/crop.0.0.180.180.180/895896aejw1e8qgp5bmzyj2050050aa8.jpg?KID=imgbed,tva&Expires=1773648813&ssig=Hfgf3uNFn0",阿里的明风，腾讯的Andy，丰巢前CTO  备号: @明风_Andy,2522,7.6万,99897
5237912434377769,1764327903,2025-11-28 11:05:03+08:00,5237906563924066,jajajaja,2,0,0,1773638013317,https://m.weibo.cn/detail/5237912434377769,广东,0,7767844584,重生之我在夜之城组乐队,女,https://m.weibo.cn/u/7767844584?launchid=10000360-page_H5,"https://tvax2.sinaimg.cn/crop.0.0.1042.1042.180/008tH5dSly8i6s9o2eje3j30sy0syjsv.jpg?KID=imgbed,tva&Expires=1773648813&ssig=0Io1MR6Pz2",渊澄|🧠🌈♾️|🏳️‍⚧️🏳️‍🌈|日常碎碎念|前科研民工|从各种意义上来说都很贫穷，没什么智力脑力精力时间感情用来产出|专业小猫按摩,768,44,6238
5237911257614291,1764327622,2025-11-28 11:00:22+08:00,5237906563924066,围观//@非正确上常界:Omg,0,0,0,1773638013321,https://m.weibo.cn/detail/5237911257614291,中国香港,1,5367240037,葡萄不吐子,女,https://m.weibo.cn/u/5367240037?launchid=10000360-page_H5,"https://tvax4.sinaimg.cn/crop.0.0.667.667.180/005ReojHly8gr7que3lqjj30ij0ijdhu.jpg?KID=imgbed,tva&Expires=1773648813&ssig=jy%2FHWqucze",葡萄的小号,410,56,6556
5237911110550128,1764327586,2025-11-28 10:59:46+08:00,5237906563924066,Omg,0,0,1,1773638013328,https://m.weibo.cn/detail/5237911110550128,英国,0,1959036263,非正确上常界,女,https://m.weibo.cn/u/1959036263?launchid=10000360-page_H5,"https://tvax4.sinaimg.cn/crop.0.0.751.751.180/74c48567ly8gi1307atnpj20kv0kvtac.jpg?KID=imgbed,tva&Expires=1773648813&ssig=dZROZ7I3J0",Raised by Internet. My opinion is meaningless. Be yourself. Do your best. Live your life.,387,2068,49033
5239792658026449,1764776183,2025-12-03 15:36:23+08:00,5239759777564872,,0,0,0,1773638251497,https://m.weibo.cn/detail/5239792658026449,四川,0,2210180750,EddieChy,男,https://m.weibo.cn/u/2210180750?launchid=10000360-page_H5,"https://tvax2.sinaimg.cn/crop.0.0.512.512.180/83bcae8ely8hn4p63tbs9j20e80e875s.jpg?KID=imgbed,tva&Expires=1773649051&ssig=S1TDRvNJXj",著名不知名电竞媒体人 小🍠: EddieChy,632,14.4万,14045
5239760856815981,1764768601,2025-12-03 13:30:01+08:00,5239759777564872,转发微博,0,0,0,1773638251504,https://m.weibo.cn/detail/5239760856815981,上海,0,1148369915,CHF平常心,男,https://m.weibo.cn/u/1148369915?launchid=10000360-page_H5,"https://tva2.sinaimg.cn/crop.0.0.180.180.180/4472bbfbjw1e8qgp5bmzyj2050050aa8.jpg?KID=imgbed,tva&Expires=1773649051&ssig=x2ocFxSDya",,805,457,4895
